Id,Name,Salary,,,,
101,John,60000,,,,
102,Jane,55000,,,,
103,Michael,62000,,,,
104,Emily,58000,,,,
105,David,54000,,,,
106,Sarah,63000,,,,
107,James,59000,,,,
108,Linda,56000,,,,
109,Robert,61000,,,,
110,Karen,57000,,,,
111,John,60000,,,,
112,Jane,55000,,,,
113,Michael,62000,,,,
114,Emily,58000,,,,
115,David,54000,,,,
116,Linda,54000,,,,
117,Robert,63000,,,,
118,Karen,59000,,,,
119,John,56000,,,,
120,Jane,61000,,,,
121,Michael,57000,,,,
122,Emily,60000,,,,
123,Karen,63000,,,,
